group_id,chat_name,country,topic,context_pre,msg_id,date,user_id,reply_to_msg_id,text,context_next,language,cyber_score
1382454577,HackDroids — Чат,Россия,Software & Applications,А мне похуй... | Мотор депот пж пж... | Пишет мой парень...,46341,2024-03-01 11:27:13,6372010296,46340.0,Пиздабол.,Можете сделать взлом Flamingo animator?...,Русский,0.9239
1382454577,HackDroids — Чат,Россия,Software & Applications,Не... | Ты правду про себя сказал... | В стандоффе деградируют...,46359,2024-03-01 15:37:28,5951064908,46357.0,Нет._.,Вот как стандофф работает над людьми...,Русский,0.7364
1382454577,HackDroids — Чат,Россия,Software & Applications,Продаю промокоды в бс пиши в лс... | Можно мод на тик ток у меня андроид. Я не могу выкладывать видео пишет версия не поддерживается... | Жду warlings 2 total armageddon день  5...,46417,2024-03-04 07:14:29,6969214736,,https://t.me/dotamods,"Всем привет, вот нашел промик на 2к рублей
Кому нужен?
Пишите в лс...",Русский,0.9987
1382454577,HackDroids — Чат,Россия,Software & Applications,"Doctronis-electronics Diy как скачат это приложение?... | Жду warlings 2 total armageddon день  
6... | Жду 35 дней оксид...",46443,2024-03-05 07:41:24,7078824954,40340.0,Doctronis-electronics Diy здравствуйте админ взломайте это приложение пожалуйста,На андроид...,Русский,0.9933
1382454577,HackDroids — Чат,Россия,Software & Applications,"﻿Печальная статистика: 97% людей пользуются телеграмом как месенджером

И даже не догадываются, что каналы, которые они читают, приносят миллионы их в... | Куда и как... | ﻿Печальная статистика: 97% людей пользуются телеграмом как месенджером

И даже не догадываются, что каналы, которые они читают, приносят миллионы их в...",46474,2024-03-06 14:38:39,6264931032,46239.0,"﻿Платежные решения для людей и бизнеса!

Tethex - одна карта, множество преимуществ:

Пополнение криптовалютами - мгновенное и с минимальной комиссией
Анонимные переводы
Мгновенный выпуск карты
Кэшбэк до 3%
Работает по всему миру
Совместима с Apple Pay и Google Pay

Все эти возможности уже доступны прямо сейчас! Процесс регистрации и выпуск карты займет у вас не больше 5 минут! Используйте карту и убедитесь в наших преимуществах!
Подробнее - t.me/+dxV7K_nFJ5U5OTVh","Может немного не по теме, но вдруг, кому-то пригодится.
Есть обучающий материал по ИИ и крипте. Такж...",Русский,0.6489
1382454577,HackDroids — Чат,Россия,Software & Applications,"Может немного не по теме, но вдруг, кому-то пригодится.
Есть обучающий материал по ИИ и крипте. Также отличный мануал по ведению бизнеса. Могу дать пр... | Всем привет, вот нашел промик на 2к рублей
Кому нужен?
Пишите в лс... | Жду warlings 2 total armageddon день 
8...",46482,2024-03-07 06:01:04,6969214736,,https://t.me/dotamods,"﻿Факт: Самая прибыльная идея для Бизнеса в 2024 году - Криптовалюты

99% людей слышали о Биткоине, а...",Русский,0.9987
1382454577,HackDroids — Чат,Россия,Software & Applications,"Хуйня... | Жду warlings 2 total armageddon день 
9... | +7 950 808-35-73...",46504,2024-03-08 05:54:28,6717659089,,Mobaile hack,Извините что...,Русский,0.9991
1382454577,HackDroids — Чат,Россия,Software & Applications,"⁠▪️Партнерская программа создана для того чтобы получить клиенту дополнительный источник дохода, приглашайте людей по своей ссылке

💸 Доход по партнер... | Братан взломай гта и в... | 4...",46520,2024-03-08 12:49:36,6696337614,40001.0,Dns.nullsproxy.com,Кто знает чтоето а?...,Русский,0.9902
1382454577,HackDroids — Чат,Россия,Software & Applications,"Ето не СТАНДОФФ2 альо, я как скачивал открил файл а там написано standoff2 private server вот ето било так што люди ето ФЕЙК!!!!... | 😹😹😹😹👍... | Всем привет, вот нашел промик на 2к рублей
Кому нужен?
Пишите в лс...",46565,2024-03-09 11:12:12,1678997834,,Наннанананпнпнпннппнпнннпппнпаннанпгпннпнгпгппнагпгпнпнпггпнпнпнпнпннннпнпнпнпннгрнпнпнпнпппнрпнппнпннпнпнпнпнпнпнппнпнппгпнпнпггпгпгппнпгпнпнпнпнпнпнпнпннпнп6пнпнпнпнппнпнпнпнпнпнпнпнпнрпнрнпнпнпгпнпнпнгпнп ипрпррпопрерпопопрпоараракокгкрпоеокопиптпаококоеокшкгпратклкгсрсрулкопгар3рк кргкгвоаьаоарушшаогкгкрагкгкагоаткагаокококгкгушулстч рврырашпьаорррпппрррриррииирппппппппппппппппппппмппппппппппппппппппппппппппппппппппппп/ёммспеапррпаруроугаопоаоаоа7улалсьаьаоаркгкоаоаоаоаоаоаоашчоулвлслсбабаточшчьаиагшушушвлмаргашвлаоао,Да я твою мать...,Русский,0.7774
1382454577,HackDroids — Чат,Россия,Software & Applications,Кто знает... | Никак новый ток скачивать... | Здесь можно...,46617,2024-03-12 06:25:36,6969214736,,https://t.me/dotamods,Weapon Master...,Русский,0.9987
1382454577,HackDroids — Чат,Россия,Software & Applications,👍👍👍👍👍👍👍👍👍👍👍👍👍👍👍👍👍👍👍👍👍👍👍👍👍👍👍👍👍👍👍👍... | 👾... | нетфликс работает?...,46743,2024-03-23 04:50:33,6379408483,,https://youtube.com/shorts/fBT3J83JCrQ?si=bxJcpi77U1xOa8lX,Почему Шадоу Файт не обновили...,Русский,0.9428
1382454577,HackDroids — Чат,Россия,Software & Applications,Почему Шадоу Файт не обновили... | https://youtu.be/mpxpThJCBdQ?si=-qxLK3MG3VsEOeY7 Кому нужен надёжный фулл мап хак с гарантией без бана и дропа и крашев  рабочий 💯 58 59 сезон без обм... | https://youtu.be/mpxpThJCBdQ?si=-qxLK3MG3VsEOeY7 Кому нужен надёжный фулл мап хак с гарантией без бана и дропа и крашев  рабочий 💯 58 59 сезон без обм...,46747,2024-03-23 15:05:50,7029362066,,Требуются сотрудники на временную работу. Оплата 9.800 рублей за полдня. Пишите в личку для уточнения информации.,Ребята доброго времени суток!  Есть крякнутая версия видеоредакрора movavi ?...,Русский,0.9286
1382454577,HackDroids — Чат,Россия,Software & Applications,Ребята доброго времени суток!  Есть крякнутая версия видеоредакрора movavi ?... | аааа... | где игры...,46751,2024-03-24 07:56:01,5285000913,,TikTok,Ребят не скачиваете если у вас аккаунт древний...,Русский,0.8811
1382454577,HackDroids — Чат,Россия,Software & Applications,https://youtu.be/mpxpThJCBdQ?si=-qxLK3MG3VsEOeY7 Кому нужен надёжный фулл мап хак с гарантией без бана и дропа и крашев  рабочий 💯 58 59 сезон без обм... | Мужики файл не открывается  нажимаем на три точки сохранить файл заходим в файлы и загружаем... | Есть ватсап плюс...,46831,2024-03-25 14:10:11,5121472733,,https://www.instagram.com/reel/C40_lKaPHY2/?igsh=MW45eDlrZzdnb20zbA==,Ребят...,Русский,0.9428
1382454577,HackDroids — Чат,Россия,Software & Applications,"Шучу игру дайте про симуляторы автомобиле... | Всем привет, остались курсы от BlackBull, курс от Игната Бондарчука,
Манименеджмент, слезы Баффета, курс от Mozart 2.0 и 3.0.
Кому нужны данные матери...",46842,2024-03-26 04:36:25,475010601,,"Мужики, кто знает, возможно сделать чтобы один телефон (через который раздаётся интернет) к нему привязывать второй телефон(без симкарты)допустим он будет на крыше и чтобы он был как антенна лучше искал связь для первого телефона?",Да...,Русский,0.7244
1382454577,HackDroids — Чат,Россия,Software & Applications,"И как же?... | Нет... | Есть про уаз хантер

Очень классная игра!!!! Рекомендую...",46849,2024-03-26 12:49:15,6472468336,,https://vt.tiktok.com/ZSFQMN2wK/,Нефор гетлер...,Русский,0.9428
1382454577,HackDroids — Чат,Россия,Software & Applications,"https://vt.tiktok.com/ZSFQMN2wK/... | Нефор гетлер... | разработчики, а можно по больше приложений для прослушивания музыки?...",46852,2024-03-26 15:59:26,7005275199,,Ищем желaющиx на пoдрaбoтки. Готoвы выдaть oт 10500 рyб за 8 чаcов pаботы. Oбpащaйтecь в личные сообщения.,"Осталась не плохая книга по смарт-мани, может кому-то пригодится, просто дайте мне знать. Извиняюсь ...",Русский,0.8227
1382454577,HackDroids — Чат,Россия,Software & Applications,А скиньте кто-нибудь проти фай пожалуйста... | ти сам лох... | Салам всем...,46911,2024-03-29 16:44:44,6653717186,46139.0,79047162174,Звоните Машеньку...,Русский,0.9952
1382454577,HackDroids — Чат,Россия,Software & Applications,"݆݆݆݆݆݆݆݆݆݆݆݆݆݆݆݆݆݆݆ܻܻࣩࣩࣩࣩࣩࣩ࣯ࣩࣩࣩࣩࣩࣩࣩࣩࣩࣩࣩࣩࣩࣩࣩࣩࣩࣩࣩࣩࣩࣩࣩࣩࣩࣩࣩࣩࣩ݅݅݅݅݅݅݅݅݅݅݅݅݅݅݅݅݅݅݅݅݅݅݅݅݅݅݅݅݅݅݅݅݅݅݅݅݅݅݅݅݅݅݅݅݅ࣧࣧࣧࣧࣧࣧࣧࣧࣧࣧࣧࣧࣧࣧࣧࣧࣧࣧࣧࣧࣧࣧࣧࣧࣧࣧࣧࣧࣧࣧࣧࣧࣧࣧࣧࣧࣧࣧࣧࣧࣧࣧࣧࣧࣧࣧࣧࣧ... | ／\￣ ＼
|　　　   )
＼  _＿ ノ\
　＼　 _ノ\
　　＼　ノ \
　　　＼ ノ \
　　　　＼ノ\／￣＼
　　　／￣＼ ＼＿／
　　　＼＿／... | Ебланоид тупой, Иди нахуй отсюда, ошибка природы, ты чё думал тебе в оригинальном стандофе щас голды дадут? Даун все знают что это приватка...",46941,2024-03-31 20:20:13,5447338925,,https://youtube.com/shorts/0Fv1oICmBJg?si=Kw_fRlwxeFv-Dqq4,https://youtu.be/KUQC91gBXLw?si=HZ6fx_ytrTkyOxOS...,Русский,0.9428
1382454577,HackDroids — Чат,Россия,Software & Applications,"／\￣ ＼
|　　　   )
＼  _＿ ノ\
　＼　 _ノ\
　　＼　ノ \
　　　＼ ノ \
　　　　＼ノ\／￣＼
　　　／￣＼ ＼＿／
　　　＼＿／... | Ебланоид тупой, Иди нахуй отсюда, ошибка природы, ты чё думал тебе в оригинальном стандофе щас голды дадут? Даун все знают что это приватка... | https://youtube.com/shorts/0Fv1oICmBJg?si=Kw_fRlwxeFv-Dqq4...",46942,2024-04-01 10:25:05,5447338925,,https://youtu.be/KUQC91gBXLw?si=HZ6fx_ytrTkyOxOS,А у кого-нибудь дальше первого сюжета играет? Такой облом😔...,Русский,0.9428
1382454577,HackDroids — Чат,Россия,Software & Applications,"А как могут нравиться цифры? 🙄🙄🖕... | https://youtu.be/mpxpThJCBdQ?si=-qxLK3MG3VsEOeY7 Кому нужен надёжный фулл мап хак с гарантией без бана и дропа и крашев  рабочий 💯 58 59 сезон без обм... | 🔤🔤🔤🔤🔤🔤🔤

Ищете надежный и безопасный чит для игры? Представляем вам самый топовый Full Map Hack на рынке, гарантирующий безопасность и стабильность ра...",46958,2024-04-02 06:46:31,7048179758,,"Бесплатно skin Dota 1 абсолютно бесплатно можно скачать на моем канале скины ландшафтов, программы, патчи, сборки - все для Warcraft 3. Для тех, кто любит красивый Dota. Также вы можете заказать бесплатную тему скина для Warcraft 3. Подпишитесь, пожалуйста, на мой канал, не пожалеете. Те, кто может, поддержите лайками и хорошими комментариями на моём канале. Буду очень благодарен. Также все новинки скинов вы можете скачать на моем канале или найти скин, который вам по",https://youtu.be/qsUcYwVkz14?si=uI1HAlB12HZpbWxE...,Русский,0.9832
1382454577,HackDroids — Чат,Россия,Software & Applications,"https://youtu.be/mpxpThJCBdQ?si=-qxLK3MG3VsEOeY7 Кому нужен надёжный фулл мап хак с гарантией без бана и дропа и крашев  рабочий 💯 58 59 сезон без обм... | 🔤🔤🔤🔤🔤🔤🔤

Ищете надежный и безопасный чит для игры? Представляем вам самый топовый Full Map Hack на рынке, гарантирующий безопасность и стабильность ра... | Бесплатно skin Dota 1 абсолютно бесплатно можно скачать на моем канале скины ландшафтов, программы, патчи, сборки - все для Warcraft 3. Для тех, кто л...",46959,2024-04-02 09:33:15,5447338925,,https://youtu.be/qsUcYwVkz14?si=uI1HAlB12HZpbWxE,Вай крутой...,Русский,0.9428
1382454577,HackDroids — Чат,Россия,Software & Applications,"Бесплатно skin Dota 1 абсолютно бесплатно можно скачать на моем канале скины ландшафтов, программы, патчи, сборки - все для Warcraft 3. Для тех, кто л... | https://youtu.be/qsUcYwVkz14?si=uI1HAlB12HZpbWxE... | Вай крутой...",46961,2024-04-02 11:10:35,5447338925,,https://youtube.com/shorts/w8X2ey7V54s?si=q3okY5PD2NETyrBp,И мне пожалуйста...,Русский,0.9428
1382454577,HackDroids — Чат,Россия,Software & Applications,https://youtube.com/shorts/w8X2ey7V54s?si=q3okY5PD2NETyrBp... | И мне пожалуйста... | Скиньте пожалуйста...,46964,2024-04-02 11:59:47,7048179758,,"Бесплатно skin Dota 1 абсолютно бесплатно можно скачать на моем канале скины ландшафтов, программы, патчи, сборки - все для Warcraft 3. Для тех, кто любит красивая  Dota. Также вы можете заказать бесплатную тему скина для Warcraft 3. Подпишитесь, пожалуйста, на мой канал вы не пожалеете. Те, кто может, поддержите лайками и хорошими комментариями на моём канале. Буду очень благодарен. Также все новинки скинов вы можете скачать на моем канале или найти скин, который вам по душе",https://youtu.be/mpxpThJCBdQ?si=-qxLK3MG3VsEOeY7 Кому нужен надёжный фулл мап хак с гарантией без ба...,Русский,0.9678
1382454577,HackDroids — Чат,Россия,Software & Applications,👍👆🙈🤣... | Почему так долго игр нет... | Есть взломанный construct 3 или 2...,46984,2024-04-02 19:36:35,1927437777,,Всем привет.,Как стать модератором?...,Русский,0.6754
1382454577,HackDroids — Чат,Россия,Software & Applications,Сергей ГЕЙ... | Где взломы?!😡😡😡... | Там где твоя праёбабушка...,46993,2024-04-04 12:56:03,6644638886,,Клан бравл Старс ” CYBER SQUAD” пищите в лс😊(вступить),Вступить в члено сосную команду по траханию допы...,Русский,0.9984
1382454577,HackDroids — Чат,Россия,Software & Applications,G... | /start@SpamBot... | сделайти читы на The Walking Dead No Man's Land...,47009,2024-04-07 07:29:43,1074824326,,https://money.alfabank.ru/mr/keIniWDQBs,Люди...,Русский,0.9428
1382454577,HackDroids — Чат,Россия,Software & Applications,Всем привет 👋 ребят скажите как инстой пользоваться в России?... | Подскажите пожалуйста... | Ты блин собака с очками Ты вообще понимаешь что читы в roblox давным-давно...,47023,2024-04-07 14:25:43,6735372009,,https://youtube.com/@Sakurai_08?si=OaphBfWImyVaIsl7,https://youtube.com/shorts/nEYFyeUCejg?si=mIONUy1k3uDi9gfC...,Русский,0.9428
1382454577,HackDroids — Чат,Россия,Software & Applications,Подскажите пожалуйста... | Ты блин собака с очками Ты вообще понимаешь что читы в roblox давным-давно... | https://youtube.com/@Sakurai_08?si=OaphBfWImyVaIsl7...,47024,2024-04-07 20:52:49,6858987289,,https://youtube.com/shorts/nEYFyeUCejg?si=mIONUy1k3uDi9gfC,Это правда...,Русский,0.9428
1382454577,HackDroids — Чат,Россия,Software & Applications,"Также... | И мне пожалуйста ❤️❤️❤️... | Светланка, вашу репутацию увеличил Дарья Сёмина. 🏆 Ваша репутация 1
🌟 Рейтинг чата...",47039,2024-04-08 16:43:33,6644638886,,Клан бравл Старс ” CYBER SQUAD” пищите в лс😊(вступить),🎲...,Русский,0.9984
1382454577,HackDroids — Чат,Россия,Software & Applications,Клан бравл Старс ” CYBER SQUAD” пищите в лс😊(вступить)... | 🎲... | 🎲...,47042,2024-04-10 08:50:49,6145243180,46239.0,https://t.me/Win1_game_over,݆݆݆݆݆݆݆݆݆݆݆݆݆݆݆݆݆݆ܻܻࣩࣩࣩࣩࣩࣩ࣯ࣩࣩࣩࣩࣩࣩࣩࣩࣩࣩࣩࣩࣩࣩࣩࣩࣩࣩࣩࣩࣩࣩࣩࣩࣩࣩࣩࣩࣩ݅݅݅݅݅݅݅݅݅݅݅݅݅݅݅݅݅݅݅݅݅݅݅݅݅݅݅݅݅݅݅݅݅݅݅݅݅݅݅݅݅݅݅ࣧ...,Русский,0.9987
1382454577,HackDroids — Чат,Россия,Software & Applications,А как её скачать пр сервер... | Можно мод на тик ток... | /start@SpamBot...,47051,2024-04-11 16:20:31,5517466529,,@fontupbot,О...,Русский,0.941
1382454577,HackDroids — Чат,Россия,Software & Applications,"Головка от... | Думаю, что не очень... | А не проще через пинг спросить?...",47156,2024-04-25 20:07:57,5912914567,,"Скажите пожалуйста, а есть взломаное приложение ""Кладоискатель""","Тик ток, дайте пожалуйста...",Русский,0.6298
